Workbook

Sheet Products
A1: ProductID | B1: Product | C1: Price | D1: Product Status
A2: 101 | B2: Product A | C2: 120 | D2: =IF(ISNA(VLOOKUP(A2,Orders!$B$2:$B$8,1,0)),"Not Ordered","Ordered") -> Ordered
A3: 102 | B3: Product B | C3: 150 | D3: =IF(ISNA(VLOOKUP(A3,Orders!$B$2:$B$8,1,0)),"Not Ordered","Ordered") -> Ordered
A4: 103 | B4: Product C | C4: 200 | D4: =IF(ISNA(VLOOKUP(A4,Orders!$B$2:$B$8,1,0)),"Not Ordered","Ordered") -> Ordered
A5: 104 | B5: Product D | C5: 90 | D5: =IF(ISNA(VLOOKUP(A5,Orders!$B$2:$B$8,1,0)),"Not Ordered","Ordered") -> Ordered
A6: 105 | B6: Product E | C6: 220 | D6: =IF(ISNA(VLOOKUP(A6,Orders!$B$2:$B$8,1,0)),"Not Ordered","Ordered") -> Ordered
A7: 106 | B7: Product F | C7: 130 | D7: =IF(ISNA(VLOOKUP(A7,Orders!$B$2:$B$8,1,0)),"Not Ordered","Ordered") -> Ordered
A8: 108 | D8: =IF(ISNA(VLOOKUP(A8,Orders!$B$2:$B$8,1,0)),"Not Ordered","Ordered") -> Not Ordered

Sheet Orders
A1: OrderID | B1: ProductID | C1: Quantity | D1: Product Name | E1: Price | F1: Total Price | G1: Discounted Price(10%) | H1: Product Status
A2: 1 | B2: 101 | C2: 2 | D2: =VLOOKUP(B2,Products!A:C,2,FALSE) -> Product A | E2: =VLOOKUP(B2,Products!A:C,3,FALSE) -> 120 | F2: =C2*E2 -> 240 | G2: =E2-E2*10% -> 108 | H2: =IF(ISNA(VLOOKUP(B2,Products!$A$2:$A$8,1,0)),"Not Found","Found") -> Found
A3: 2 | B3: 103 | C3: 1 | D3: =VLOOKUP(B3,Products!A:C,2,FALSE) -> Product C | E3: =VLOOKUP(B3,Products!A:C,3,FALSE) -> 200 | F3: =C3*E3 -> 200 | G3: =E3-E3*10% -> 180 | H3: =IF(ISNA(VLOOKUP(B3,Products!$A$2:$A$8,1,0)),"Not Found","Found") -> Found | J3: Max Order Value | K3: =MAX(F2:F7) -> 880
A4: 3 | B4: 105 | C4: 4 | D4: =VLOOKUP(B4,Products!A:C,2,FALSE) -> Product E | E4: =VLOOKUP(B4,Products!A:C,3,FALSE) -> 220 | F4: =C4*E4 -> 880 | G4: =E4-E4*10% -> 198 | H4: =IF(ISNA(VLOOKUP(B4,Products!$A$2:$A$8,1,0)),"Not Found","Found") -> Found
A5: 4 | B5: 106 | C5: 3 | D5: =VLOOKUP(B5,Products!A:C,2,FALSE) -> Product F | E5: =VLOOKUP(B5,Products!A:C,3,FALSE) -> 130 | F5: =C5*E5 -> 390 | G5: =E5-E5*10% -> 117 | H5: =IF(ISNA(VLOOKUP(B5,Products!$A$2:$A$8,1,0)),"Not Found","Found") -> Found
A6: 5 | B6: 102 | C6: 5 | D6: =VLOOKUP(B6,Products!A:C,2,FALSE) -> Product B | E6: =VLOOKUP(B6,Products!A:C,3,FALSE) -> 150 | F6: =C6*E6 -> 750 | G6: =E6-E6*10% -> 135 | H6: =IF(ISNA(VLOOKUP(B6,Products!$A$2:$A$8,1,0)),"Not Found","Found") -> Found
A7: 6 | B7: 104 | C7: 6 | D7: =VLOOKUP(B7,Products!A:C,2,FALSE) -> Product D | E7: =VLOOKUP(B7,Products!A:C,3,FALSE) -> 90 | F7: =C7*E7 -> 540 | G7: =E7-E7*10% -> 81 | H7: =IF(ISNA(VLOOKUP(B7,Products!$A$2:$A$8,1,0)),"Not Found","Found") -> Found
A8: 7 | B8: 107 | H8: =IF(ISNA(VLOOKUP(B8,Products!$A$2:$A$8,1,0)),"Not Found","Found") -> Not Found
